{"cameraMode":{"drawMode":0,"name":"Shaded","section":"Shading Mode"},"sceneLighting":true,"audioPlay":false,"sceneViewState":{"showFog":true,"showMaterialUpdate":false,"showSkybox":false,"showFlares":true,"showImageEffects":true,"showParticleSystems":true},"in2DMode":false,"pivot":{"x":-8.621162414550782,"y":-7.52153205871582,"z":-21.567424774169923},"rotation":{"x":-0.10345163941383362,"y":0.7621645927429199,"z":-0.12609142065048219,"w":-0.6266977190971375},"size":79.1779556274414,"orthographic":false}