{"cameraMode":{"drawMode":0,"name":"Shaded","section":"Shading Mode"},"sceneLighting":false,"audioPlay":false,"sceneViewState":{"showFog":true,"showMaterialUpdate":false,"showSkybox":false,"showFlares":true,"showImageEffects":true,"showParticleSystems":true},"in2DMode":false,"pivot":{"x":-0.25650930404663088,"y":-1.0929498672485352,"z":25.897953033447267},"rotation":{"x":-0.16733238101005555,"y":0.25899410247802737,"z":-0.0455927774310112,"w":-0.9502023458480835},"size":65.34233856201172,"orthographic":false}